Workbook

Sheet 0_README
A1: Egypt LES subsistence-share calibration — audit workbook
A3: METHOD —
A4: LEVEL : the aggregate subsistence share per quintile is derived from Egypts OWN per-capita
A5: consumption, via the Lluch (1977) Frisch-parameter relationship: ω = -36 * y^(-0.36),
A6: then gamma_agg = 1 + 1/ω (y = per-capita consumption in USD.)
A7: SHAPE : the relative split of subsistence across sectors is borrowed from Rwandas LES
A8: calibration (LES.xlsx, Step 4), using Rwanda's quintile-specific patterns
A10: WHAT IS EGYPTIAN vs BORROWED
A11: Egyptian : per-capita consumption & the basket (sheet 2, CQ matrix); the aggregate level.
A12: Borrowed : only the necessity distribution across categories.
A13: Sheet 5 cross-checks the borrowed ranking against Egypts own budget-share gradient.
A15: EXCHANGE RATE
... A23: 5_CrossCheck: quick Egypt-vs-Rwanda necessity check.

Sheet 1_Rwanda_LES_Step4
A1: Rwanda LES calibration — Step 4 gamma (subsistence) shares, % [source: LES.xlsx, IFPRI replication package]
B3: Category \ Rwanda household group | C3: f1 | D3: f2 | E3: f3 | F3: f4 | G3: f5 | H3: n1 | I3: n2 | J3: n3 | K3: n4 | L3: n5 | M3: u1 | N3: u2 | O3: u3 | P3: u4 | Q3: u5
B4: Group consumption (bn USD) — weight for collapse | C4: 0.31242318 | D4: 0.45981515 | E4: 0.62871792 | F4: 0.9044438 | G4: 0.99978907 | H4: 0.05959914 | I4: 0.088893037 | J4: 0.10760604 | K4: 0.13728491 | L4: 0.17587357 | M4: 0.031128326 | N4: 0.064764741 | O4: 0.10992296 | P4: 0.233215 | Q4: 3.1371033
B5: Cereals & roots | C5: 91.92809 | D5: 90.614097 | E5: 89.407898 | F5: 87.642955 | G5: 83.93164 | H5: 87.742314 | I5: 86.342482 | J5: 85.944647 | K5: 84.915825 | L5: 87.556322 | M5: 87.201121 | N5: 86.879875 | O5: 85.352123 | P5: 84.546875 | Q5: 75.222074
B6: Vegetables & pulses | C6: 87.084945 | D6: 84.982555 | E6: 83.052636 | F6: 80.228727 | G6: 74.290624 | H6: 80.387703 | I6: 78.147971 | J6: 77.511435 | K6: 75.86532 | L6: 80.090114 | M6: 79.521794 | N6: 79.0078 | O6: 76.563396 | P6: 75.274999 | Q6: 60.355318
B7: Fish, meat & eggs | C7: 85.470563 | D7: 83.105374 | E7: 80.934216 | F7: 77.757318 | G7: 71.076952 | H7: 77.936166 | I7: 75.416467 | J7: 74.700365 | K7: 72.848485 | L7: 77.601379 | M7: 76.962018 | N7: 76.383775 | O7: 73.633821 | P7: 72.184374 | Q7: 55.399732
B8: Dairy & fats/oils | C8: 87.084945 | D8: 84.982555 | E8: 83.052636 | F8: 80.228727 | G8: 74.290624 | H8: 80.387703 | I8: 78.147971 | J8: 77.511435 | K8: 75.86532 | L8: 80.090114 | M8: 79.521794 | N8: 79.0078 | O8: 76.563396 | P8: 75.274999 | Q8: 60.355318
B9: Other food | C9: 75.784271 | D9: 71.84229 | E9: 68.223693 | F9: 62.928864 | G9: 51.79492 | H9: 63.226943 | I9: 59.027445 | J9: 57.833942 | K9: 54.747475 | L9: 62.668965 | M9: 61.603364 | N9: 60.639626 | O9: 56.056368 | P9: 53.640624 | Q9: 25.666221
B10: Clothing & textiles | C10: 83.856181 | D10: 81.228194 | E10: 78.815795 | F10: 75.285909 | G10: 67.86328 | H10: 75.484629 | I10: 72.684963 | J10: 71.889294 | K10: 69.83165 | L10: 75.112643 | M10: 74.402242 | N10: 73.75975 | O10: 70.704246 | P10: 69.093749 | Q10: 50.444147
B11: Utilities (elec/water) | C11: 83.856181 | D11: 81.228194 | E11: 78.815795 | F11: 75.285909 | G11: 67.86328 | H11: 75.484629 | I11: 72.684963 | J11: 71.889294 | K11: 69.83165 | L11: 75.112643 | M11: 74.402242 | N11: 73.75975 | O11: 70.704246 | P11: 69.093749 | Q11: 50.444147
B12: housing | C12: 87.084945 | D12: 84.982555 | E12: 83.052636 | F12: 80.228727 | G12: 74.290624 | H12: 80.387703 | I12: 78.147971 | J12: 77.511435 | K12: 75.86532 | L12: 80.090114 | M12: 79.521794 | N12: 79.0078 | O12: 76.563396 | P12: 75.274999 | Q12: 60.355318
B13: Educ, health & public | C13: 83.856181 | D13: 81.228194 | E13: 78.815795 | F13: 75.285909 | G13: 67.86328 | H13: 75.484629 | I13: 72.684963 | J13: 71.889294 | K13: 69.83165 | L13: 75.112643 | M13: 74.402242 | N13: 73.75975 | O13: 70.704246 | P13: 69.093749 | Q13: 50.444147
B14: Manufacturing | C14: 80.502859 | D14: 77.196188 | E14: 75.061563 | F14: 72.42118 | G14: 67.207373 | H14: 69.305271 | I14: 67.325098 | J14: 67.033109 | K14: 65.839949 | L14: 74.366608 | M14: 68.234528 | N14: 68.106422 | O14: 66.432725 | P14: 65.92508 | Q14: 49.793149
B15: Services (residual) | C15: 80.502859 | D15: 77.196188 | E15: 75.061563 | F15: 72.42118 | G15: 67.207373 | H15: 69.305271 | I15: 67.325098 | J15: 67.033109 | K15: 65.839949 | L15: 74.366608 | M15: 68.234528 | N15: 68.106422 | O15: 66.432725 | P15: 65.92508 | Q15: 49.793149
B16: Rwanda Total (aggregate subsistence share) | C16: 83.856181 | D16: 81.228194 | E16: 78.815795 | F16: 75.285909 | G16: 67.86328 | H16: 75.484629 | I16: 72.684963 | J16: 71.889294 | K16: 69.83165 | L16: 75.112643 | M16: 74.402242 | N16: 73.75975 | O16: 70.704246 | P16: 69.093749 | Q16: 50.444147
B18: Yellow = Rwanda weights copied from step 3 (rows 182-192); Blue = Rwanda gamma shares copied from LES.xlsx Step 4 (rows 218-242).

Sheet 2_Egypt_CQ Mapping
A1: Egypt inputs — consumption by sector x quintile (CQ), population (POPQ)
A3: Julia idx | B3: Egypt IO sector | C3: Rwanda category | D3: Q1 | E3: Q2 | F3: Q3 | G3: Q4 | H3: Q5
A4: 1 | B4: Crop & animal production | C4: Cereals & roots | D4: 32641993 | E4: 45170616 | F4: 53696561 | G4: 67116677 | H4: 93810194
A5: 2 | B5: Fishing and aquaculture | C5: Fish, meat & eggs | D5: 3542387.1 | E5: 5871439.8 | F5: 7524433.3 | G5: 9330112.7 | H5: 13765183
A6: 3 | B6: Extraction of crude petroleum/gas | C6: Manufacturing | D6: 3633332.5 | E6: 4904715.9 | F6: 6059712.9 | G6: 7908310.7 | H6: 14351426
A7: 4 | B7: Mining (metal ores & other) | C7: Manufacturing | D7: 1217884.4 | E7: 1217884.4 | F7: 1217884.4 | G7: 1217884.4 | H7: 1217884.4
A8: 5 | B8: Manufacture of food products | C8: Dairy & fats/oils | D8: 30356675 | E8: 38403978 | F8: 45213942 | G8: 54790110 | H8: 84710508
A9: 6 | B9: Manufacture of beverages | C9: Other food | D9: 1252789.9 | E9: 2148195.2 | F9: 3168320.3 | G9: 4405808.1 | H9: 11026594
A10: 7 | B10: Manufacture of tobacco | C10: Other food | D10: 1019923.6 | E10: 1645726.6 | F10: 2068864.8 | G10: 2503677 | H10: 3405850
A11: 8 | B11: Manufacture of textiles | C11: Clothing & textiles | D11: 638386.05 | E11: 1090736.7 | F11: 1494511.3 | G11: 2208574.4 | H11: 3977660.6
A12: 9 | B12: Manufacture of wearing apparel | C12: Clothing & textiles | D12: 1847185 | E12: 2912623.9 | F12: 3715988.1 | G12: 4644999.2 | H12: 7364926.8
A13: 10 | B13: Manufacture of leather products | C13: Clothing & textiles | D13: 806736.47 | E13: 1292144.1 | F13: 1630724 | G13: 2000969.6 | H13: 3207371.8
A14: 11 | B14: Manufacture of wood products | C14: Manufacturing | D14: 540685.16 | E14: 2047122.4 | F14: 57809.105 | G14: 1049065.2 | H14: 2489192.1
A15: 12 | B15: Manufacture of paper products | C15: Manufacturing | D15: 1821298.3 | E15: 2696599.5 | F15: 3386074.4 | G15: 3812580.4 | H15: 5304197.4
... A70: 67 | B70: Activities of households | C70: Services (residual) | D70: 125885.31 | E70: 187311.72 | F70: 235510.8 | G70: 307910.31 | H70: 874485.86
B72: POPQ (thousands) | D72: 20328.918 | E72: 20328.918 | F72: 20328.918 | G72: 20328.918 | H72: 20328.918
B73: Sum of CQ (thousands EGP) | D73: =SUM(D4:D70) -> 2.1072323e+08 | E73: =SUM(E4:E70) -> 3.0521023e+08 | F73: =SUM(F4:F70) -> 3.8782024e+08 | G73: =SUM(G4:G70) -> 5.3579989e+08 | H73: =SUM(H4:H70) -> 1.2804058e+09
B74: Per-capita consumption (EGP) = SumCQ / POPQ | D74: =D73/D72 -> 10365.689 | E74: =E73/E72 -> 15013.6 | F74: =F73/F72 -> 19077.269 | G74: =G73/G72 -> 26356.538 | H74: =H73/H72 -> 62984.456
A76: Yellow = inputs copied from ModelSheets.xlsx (CQ, POPQ).

Sheet 3_Calculations
A1: Calculations
A3: STEP 1 | B3: Egypt aggregate level via Lluch (1977) Frisch parameter (ω)
C4: Q1 | D4: Q2 | E4: Q3 | F4: Q4 | G4: Q5
B5: Per-capita consumption, EGP | C5: ='2_Egypt_CQ Mapping'!D74 -> 10365.689 | D5: ='2_Egypt_CQ Mapping'!E74 -> 15013.6 | E5: ='2_Egypt_CQ Mapping'!F74 -> 19077.269 | F5: ='2_Egypt_CQ Mapping'!G74 -> 26356.538 | G5: ='2_Egypt_CQ Mapping'!H74 -> 62984.456
B6: Exchange rate, EGP/USD (2019) | C6: 17 | D6: 17 | E6: 17 | F6: 17 | G6: 17
B7: Per-capita consumption, USD | C7: =C5/$C$6 -> 609.7464 | D7: =D5/$C$6 -> 883.15292 | E7: =E5/$C$6 -> 1122.1923 | F7: =F5/$C$6 -> 1550.3846 | G7: =G5/$C$6 -> 3704.968
B8: Frisch omega (ω) = -36 * y^(-0.36) | C8: =-36*C7^(-0.36) -> -3.5780695 | D8: =-36*D7^(-0.36) -> -3.1313353 | E8: =-36*E7^(-0.36) -> -2.8726206 | F8: =-36*F7^(-0.36) -> -2.5570799 | G8: =-36*G7^(-0.36) -> -1.8687022
B9: Aggregate subsistence share ( gamma_agg) = 1 + 1/ω | C9: =1+1/C8 -> 0.72051968 | D9: =1+1/D8 -> 0.68064742 | E9: =1+1/E8 -> 0.65188581 | F9: =1+1/F8 -> 0.60892892 | G9: =1+1/G8 -> 0.46486925
A12: STEP 2 | B12: Rwanda pattern collapsed 15 groups -> 5 quintiles (consumption-weighted)
C13: Q1 | D13: Q2 | E13: Q3 | F13: Q4 | G13: Q5
B14: Cereals & roots | C14: =('1_Rwanda_LES_Step4'!C4*'1_Rwanda_LES_Step4'!C5+'1_Rwanda_LES_Step4'!H4*'1_Rwanda_LES_Step4'!H5+'1_Rwanda_LES_Step4'!M4*'1_Rwanda_LES_Step4'!M5)/('1_Rwanda_LES_Step4'!C4+'1_Rwanda_LES_Step4'!H4+'1_Rwanda_LES_Step4'!M4) -> 90.944311 | D14: =('1_Rwanda_LES_Step4'!D4*'1_Rwanda_LES_Step4'!D5+'1_Rwanda_LES_Step4'!I4*'1_Rwanda_LES_Step4'!I5+'1_Rwanda_LES_Step4'!N4*'1_Rwanda_LES_Step4'!N5)/('1_Rwanda_LES_Step4'!D4+'1_Rwanda_LES_Step4'!I4+'1_Rwanda_LES_Step4'!N4) -> 89.60091 | E14: =('1_Rwanda_LES_Step4'!E4*'1_Rwanda_LES_Step4'!E5+'1_Rwanda_LES_Step4'!J4*'1_Rwanda_LES_Step4'!J5+'1_Rwanda_LES_Step4'!O4*'1_Rwanda_LES_Step4'!O5)/('1_Rwanda_LES_Step4'!E4+'1_Rwanda_LES_Step4'!J4+'1_Rwanda_LES_Step4'!O4) -> 88.440698 | F14: =('1_Rwanda_LES_Step4'!F4*'1_Rwanda_LES_Step4'!F5+'1_Rwanda_LES_Step4'!K4*'1_Rwanda_LES_Step4'!K5+'1_Rwanda_LES_Step4'!P4*'1_Rwanda_LES_Step4'!P5)/('1_Rwanda_LES_Step4'!F4+'1_Rwanda_LES_Step4'!K4+'1_Rwanda_LES_Step4'!P4) -> 86.782959 | G14: =('1_Rwanda_LES_Step4'!G4*'1_Rwanda_LES_Step4'!G5+'1_Rwanda_LES_Step4'!L4*'1_Rwanda_LES_Step4'!L5+'1_Rwanda_LES_Step4'!Q4*'1_Rwanda_LES_Step4'!Q5)/('1_Rwanda_LES_Step4'!G4+'1_Rwanda_LES_Step4'!L4+'1_Rwanda_LES_Step4'!Q4) -> 77.74412
B15: Vegetables & pulses | C15: =('1_Rwanda_LES_Step4'!C4*'1_Rwanda_LES_Step4'!C6+'1_Rwanda_LES_Step4'!H4*'1_Rwanda_LES_Step4'!H6+'1_Rwanda_LES_Step4'!M4*'1_Rwanda_LES_Step4'!M6)/('1_Rwanda_LES_Step4'!C4+'1_Rwanda_LES_Step4'!H4+'1_Rwanda_LES_Step4'!M4) -> 85.510898 | D15: =('1_Rwanda_LES_Step4'!D4*'1_Rwanda_LES_Step4'!D6+'1_Rwanda_LES_Step4'!I4*'1_Rwanda_LES_Step4'!I6+'1_Rwanda_LES_Step4'!N4*'1_Rwanda_LES_Step4'!N6)/('1_Rwanda_LES_Step4'!D4+'1_Rwanda_LES_Step4'!I4+'1_Rwanda_LES_Step4'!N4) -> 83.361456 | E15: =('1_Rwanda_LES_Step4'!E4*'1_Rwanda_LES_Step4'!E6+'1_Rwanda_LES_Step4'!J4*'1_Rwanda_LES_Step4'!J6+'1_Rwanda_LES_Step4'!O4*'1_Rwanda_LES_Step4'!O6)/('1_Rwanda_LES_Step4'!E4+'1_Rwanda_LES_Step4'!J4+'1_Rwanda_LES_Step4'!O4) -> 81.505117 | F15: =('1_Rwanda_LES_Step4'!F4*'1_Rwanda_LES_Step4'!F6+'1_Rwanda_LES_Step4'!K4*'1_Rwanda_LES_Step4'!K6+'1_Rwanda_LES_Step4'!P4*'1_Rwanda_LES_Step4'!P6)/('1_Rwanda_LES_Step4'!F4+'1_Rwanda_LES_Step4'!K4+'1_Rwanda_LES_Step4'!P4) -> 78.852734 | G15: =('1_Rwanda_LES_Step4'!G4*'1_Rwanda_LES_Step4'!G6+'1_Rwanda_LES_Step4'!L4*'1_Rwanda_LES_Step4'!L6+'1_Rwanda_LES_Step4'!Q4*'1_Rwanda_LES_Step4'!Q6)/('1_Rwanda_LES_Step4'!G4+'1_Rwanda_LES_Step4'!L4+'1_Rwanda_LES_Step4'!Q4) -> 64.390593
B16: Fish, meat & eggs | C16: =('1_Rwanda_LES_Step4'!C4*'1_Rwanda_LES_Step4'!C7+'1_Rwanda_LES_Step4'!H4*'1_Rwanda_LES_Step4'!H7+'1_Rwanda_LES_Step4'!M4*'1_Rwanda_LES_Step4'!M7)/('1_Rwanda_LES_Step4'!C4+'1_Rwanda_LES_Step4'!H4+'1_Rwanda_LES_Step4'!M4) -> 83.69976 | D16: =('1_Rwanda_LES_Step4'!D4*'1_Rwanda_LES_Step4'!D7+'1_Rwanda_LES_Step4'!I4*'1_Rwanda_LES_Step4'!I7+'1_Rwanda_LES_Step4'!N4*'1_Rwanda_LES_Step4'!N7)/('1_Rwanda_LES_Step4'!D4+'1_Rwanda_LES_Step4'!I4+'1_Rwanda_LES_Step4'!N4) -> 81.281638 | E16: =('1_Rwanda_LES_Step4'!E4*'1_Rwanda_LES_Step4'!E7+'1_Rwanda_LES_Step4'!J4*'1_Rwanda_LES_Step4'!J7+'1_Rwanda_LES_Step4'!O4*'1_Rwanda_LES_Step4'!O7)/('1_Rwanda_LES_Step4'!E4+'1_Rwanda_LES_Step4'!J4+'1_Rwanda_LES_Step4'!O4) -> 79.193257 | F16: =('1_Rwanda_LES_Step4'!F4*'1_Rwanda_LES_Step4'!F7+'1_Rwanda_LES_Step4'!K4*'1_Rwanda_LES_Step4'!K7+'1_Rwanda_LES_Step4'!P4*'1_Rwanda_LES_Step4'!P7)/('1_Rwanda_LES_Step4'!F4+'1_Rwanda_LES_Step4'!K4+'1_Rwanda_LES_Step4'!P4) -> 76.209326 | G16: =('1_Rwanda_LES_Step4'!G4*'1_Rwanda_LES_Step4'!G7+'1_Rwanda_LES_Step4'!L4*'1_Rwanda_LES_Step4'!L7+'1_Rwanda_LES_Step4'!Q4*'1_Rwanda_LES_Step4'!Q7)/('1_Rwanda_LES_Step4'!G4+'1_Rwanda_LES_Step4'!L4+'1_Rwanda_LES_Step4'!Q4) -> 59.939417
B17: Dairy & fats/oils | C17: =('1_Rwanda_LES_Step4'!C4*'1_Rwanda_LES_Step4'!C8+'1_Rwanda_LES_Step4'!H4*'1_Rwanda_LES_Step4'!H8+'1_Rwanda_LES_Step4'!M4*'1_Rwanda_LES_Step4'!M8)/('1_Rwanda_LES_Step4'!C4+'1_Rwanda_LES_Step4'!H4+'1_Rwanda_LES_Step4'!M4) -> 85.510898 | D17: =('1_Rwanda_LES_Step4'!D4*'1_Rwanda_LES_Step4'!D8+'1_Rwanda_LES_Step4'!I4*'1_Rwanda_LES_Step4'!I8+'1_Rwanda_LES_Step4'!N4*'1_Rwanda_LES_Step4'!N8)/('1_Rwanda_LES_Step4'!D4+'1_Rwanda_LES_Step4'!I4+'1_Rwanda_LES_Step4'!N4) -> 83.361456 | E17: =('1_Rwanda_LES_Step4'!E4*'1_Rwanda_LES_Step4'!E8+'1_Rwanda_LES_Step4'!J4*'1_Rwanda_LES_Step4'!J8+'1_Rwanda_LES_Step4'!O4*'1_Rwanda_LES_Step4'!O8)/('1_Rwanda_LES_Step4'!E4+'1_Rwanda_LES_Step4'!J4+'1_Rwanda_LES_Step4'!O4) -> 81.505117 | F17: =('1_Rwanda_LES_Step4'!F4*'1_Rwanda_LES_Step4'!F8+'1_Rwanda_LES_Step4'!K4*'1_Rwanda_LES_Step4'!K8+'1_Rwanda_LES_Step4'!P4*'1_Rwanda_LES_Step4'!P8)/('1_Rwanda_LES_Step4'!F4+'1_Rwanda_LES_Step4'!K4+'1_Rwanda_LES_Step4'!P4) -> 78.852734 | G17: =('1_Rwanda_LES_Step4'!G4*'1_Rwanda_LES_Step4'!G8+'1_Rwanda_LES_Step4'!L4*'1_Rwanda_LES_Step4'!L8+'1_Rwanda_LES_Step4'!Q4*'1_Rwanda_LES_Step4'!Q8)/('1_Rwanda_LES_Step4'!G4+'1_Rwanda_LES_Step4'!L4+'1_Rwanda_LES_Step4'!Q4) -> 64.390593
B18: Other food | C18: =('1_Rwanda_LES_Step4'!C4*'1_Rwanda_LES_Step4'!C9+'1_Rwanda_LES_Step4'!H4*'1_Rwanda_LES_Step4'!H9+'1_Rwanda_LES_Step4'!M4*'1_Rwanda_LES_Step4'!M9)/('1_Rwanda_LES_Step4'!C4+'1_Rwanda_LES_Step4'!H4+'1_Rwanda_LES_Step4'!M4) -> 72.832933 | D18: =('1_Rwanda_LES_Step4'!D4*'1_Rwanda_LES_Step4'!D9+'1_Rwanda_LES_Step4'!I4*'1_Rwanda_LES_Step4'!I9+'1_Rwanda_LES_Step4'!N4*'1_Rwanda_LES_Step4'!N9)/('1_Rwanda_LES_Step4'!D4+'1_Rwanda_LES_Step4'!I4+'1_Rwanda_LES_Step4'!N4) -> 68.80273 | E18: =('1_Rwanda_LES_Step4'!E4*'1_Rwanda_LES_Step4'!E9+'1_Rwanda_LES_Step4'!J4*'1_Rwanda_LES_Step4'!J9+'1_Rwanda_LES_Step4'!O4*'1_Rwanda_LES_Step4'!O9)/('1_Rwanda_LES_Step4'!E4+'1_Rwanda_LES_Step4'!J4+'1_Rwanda_LES_Step4'!O4) -> 65.322095 | F18: =('1_Rwanda_LES_Step4'!F4*'1_Rwanda_LES_Step4'!F9+'1_Rwanda_LES_Step4'!K4*'1_Rwanda_LES_Step4'!K9+'1_Rwanda_LES_Step4'!P4*'1_Rwanda_LES_Step4'!P9)/('1_Rwanda_LES_Step4'!F4+'1_Rwanda_LES_Step4'!K4+'1_Rwanda_LES_Step4'!P4) -> 60.348877 | G18: =('1_Rwanda_LES_Step4'!G4*'1_Rwanda_LES_Step4'!G9+'1_Rwanda_LES_Step4'!L4*'1_Rwanda_LES_Step4'!L9+'1_Rwanda_LES_Step4'!Q4*'1_Rwanda_LES_Step4'!Q9)/('1_Rwanda_LES_Step4'!G4+'1_Rwanda_LES_Step4'!L4+'1_Rwanda_LES_Step4'!Q4) -> 33.232361
B19: Clothing & textiles | C19: =('1_Rwanda_LES_Step4'!C4*'1_Rwanda_LES_Step4'!C10+'1_Rwanda_LES_Step4'!H4*'1_Rwanda_LES_Step4'!H10+'1_Rwanda_LES_Step4'!M4*'1_Rwanda_LES_Step4'!M10)/('1_Rwanda_LES_Step4'!C4+'1_Rwanda_LES_Step4'!H4+'1_Rwanda_LES_Step4'!M4) -> 81.888622 | D19: =('1_Rwanda_LES_Step4'!D4*'1_Rwanda_LES_Step4'!D10+'1_Rwanda_LES_Step4'!I4*'1_Rwanda_LES_Step4'!I10+'1_Rwanda_LES_Step4'!N4*'1_Rwanda_LES_Step4'!N10)/('1_Rwanda_LES_Step4'!D4+'1_Rwanda_LES_Step4'!I4+'1_Rwanda_LES_Step4'!N4) -> 79.20182 | E19: =('1_Rwanda_LES_Step4'!E4*'1_Rwanda_LES_Step4'!E10+'1_Rwanda_LES_Step4'!J4*'1_Rwanda_LES_Step4'!J10+'1_Rwanda_LES_Step4'!O4*'1_Rwanda_LES_Step4'!O10)/('1_Rwanda_LES_Step4'!E4+'1_Rwanda_LES_Step4'!J4+'1_Rwanda_LES_Step4'!O4) -> 76.881397 | F19: =('1_Rwanda_LES_Step4'!F4*'1_Rwanda_LES_Step4'!F10+'1_Rwanda_LES_Step4'!K4*'1_Rwanda_LES_Step4'!K10+'1_Rwanda_LES_Step4'!P4*'1_Rwanda_LES_Step4'!P10)/('1_Rwanda_LES_Step4'!F4+'1_Rwanda_LES_Step4'!K4+'1_Rwanda_LES_Step4'!P4) -> 73.565918 | G19: =('1_Rwanda_LES_Step4'!G4*'1_Rwanda_LES_Step4'!G10+'1_Rwanda_LES_Step4'!L4*'1_Rwanda_LES_Step4'!L10+'1_Rwanda_LES_Step4'!Q4*'1_Rwanda_LES_Step4'!Q10)/('1_Rwanda_LES_Step4'!G4+'1_Rwanda_LES_Step4'!L4+'1_Rwanda_LES_Step4'!Q4) -> 55.488241
B20: Utilities (elec/water) | C20: =('1_Rwanda_LES_Step4'!C4*'1_Rwanda_LES_Step4'!C11+'1_Rwanda_LES_Step4'!H4*'1_Rwanda_LES_Step4'!H11+'1_Rwanda_LES_Step4'!M4*'1_Rwanda_LES_Step4'!M11)/('1_Rwanda_LES_Step4'!C4+'1_Rwanda_LES_Step4'!H4+'1_Rwanda_LES_Step4'!M4) -> 81.888622 | D20: =('1_Rwanda_LES_Step4'!D4*'1_Rwanda_LES_Step4'!D11+'1_Rwanda_LES_Step4'!I4*'1_Rwanda_LES_Step4'!I11+'1_Rwanda_LES_Step4'!N4*'1_Rwanda_LES_Step4'!N11)/('1_Rwanda_LES_Step4'!D4+'1_Rwanda_LES_Step4'!I4+'1_Rwanda_LES_Step4'!N4) -> 79.20182 | E20: =('1_Rwanda_LES_Step4'!E4*'1_Rwanda_LES_Step4'!E11+'1_Rwanda_LES_Step4'!J4*'1_Rwanda_LES_Step4'!J11+'1_Rwanda_LES_Step4'!O4*'1_Rwanda_LES_Step4'!O11)/('1_Rwanda_LES_Step4'!E4+'1_Rwanda_LES_Step4'!J4+'1_Rwanda_LES_Step4'!O4) -> 76.881397 | F20: =('1_Rwanda_LES_Step4'!F4*'1_Rwanda_LES_Step4'!F11+'1_Rwanda_LES_Step4'!K4*'1_Rwanda_LES_Step4'!K11+'1_Rwanda_LES_Step4'!P4*'1_Rwanda_LES_Step4'!P11)/('1_Rwanda_LES_Step4'!F4+'1_Rwanda_LES_Step4'!K4+'1_Rwanda_LES_Step4'!P4) -> 73.565918 | G20: =('1_Rwanda_LES_Step4'!G4*'1_Rwanda_LES_Step4'!G11+'1_Rwanda_LES_Step4'!L4*'1_Rwanda_LES_Step4'!L11+'1_Rwanda_LES_Step4'!Q4*'1_Rwanda_LES_Step4'!Q11)/('1_Rwanda_LES_Step4'!G4+'1_Rwanda_LES_Step4'!L4+'1_Rwanda_LES_Step4'!Q4) -> 55.488241
B21: housing | C21: =('1_Rwanda_LES_Step4'!C4*'1_Rwanda_LES_Step4'!C12+'1_Rwanda_LES_Step4'!H4*'1_Rwanda_LES_Step4'!H12+'1_Rwanda_LES_Step4'!M4*'1_Rwanda_LES_Step4'!M12)/('1_Rwanda_LES_Step4'!C4+'1_Rwanda_LES_Step4'!H4+'1_Rwanda_LES_Step4'!M4) -> 85.510898 | D21: =('1_Rwanda_LES_Step4'!D4*'1_Rwanda_LES_Step4'!D12+'1_Rwanda_LES_Step4'!I4*'1_Rwanda_LES_Step4'!I12+'1_Rwanda_LES_Step4'!N4*'1_Rwanda_LES_Step4'!N12)/('1_Rwanda_LES_Step4'!D4+'1_Rwanda_LES_Step4'!I4+'1_Rwanda_LES_Step4'!N4) -> 83.361456 | E21: =('1_Rwanda_LES_Step4'!E4*'1_Rwanda_LES_Step4'!E12+'1_Rwanda_LES_Step4'!J4*'1_Rwanda_LES_Step4'!J12+'1_Rwanda_LES_Step4'!O4*'1_Rwanda_LES_Step4'!O12)/('1_Rwanda_LES_Step4'!E4+'1_Rwanda_LES_Step4'!J4+'1_Rwanda_LES_Step4'!O4) -> 81.505117 | F21: =('1_Rwanda_LES_Step4'!F4*'1_Rwanda_LES_Step4'!F12+'1_Rwanda_LES_Step4'!K4*'1_Rwanda_LES_Step4'!K12+'1_Rwanda_LES_Step4'!P4*'1_Rwanda_LES_Step4'!P12)/('1_Rwanda_LES_Step4'!F4+'1_Rwanda_LES_Step4'!K4+'1_Rwanda_LES_Step4'!P4) -> 78.852734 | G21: =('1_Rwanda_LES_Step4'!G4*'1_Rwanda_LES_Step4'!G12+'1_Rwanda_LES_Step4'!L4*'1_Rwanda_LES_Step4'!L12+'1_Rwanda_LES_Step4'!Q4*'1_Rwanda_LES_Step4'!Q12)/('1_Rwanda_LES_Step4'!G4+'1_Rwanda_LES_Step4'!L4+'1_Rwanda_LES_Step4'!Q4) -> 64.390593
B22: Educ, health & public | C22: =('1_Rwanda_LES_Step4'!C4*'1_Rwanda_LES_Step4'!C13+'1_Rwanda_LES_Step4'!H4*'1_Rwanda_LES_Step4'!H13+'1_Rwanda_LES_Step4'!M4*'1_Rwanda_LES_Step4'!M13)/('1_Rwanda_LES_Step4'!C4+'1_Rwanda_LES_Step4'!H4+'1_Rwanda_LES_Step4'!M4) -> 81.888622 | D22: =('1_Rwanda_LES_Step4'!D4*'1_Rwanda_LES_Step4'!D13+'1_Rwanda_LES_Step4'!I4*'1_Rwanda_LES_Step4'!I13+'1_Rwanda_LES_Step4'!N4*'1_Rwanda_LES_Step4'!N13)/('1_Rwanda_LES_Step4'!D4+'1_Rwanda_LES_Step4'!I4+'1_Rwanda_LES_Step4'!N4) -> 79.20182 | E22: =('1_Rwanda_LES_Step4'!E4*'1_Rwanda_LES_Step4'!E13+'1_Rwanda_LES_Step4'!J4*'1_Rwanda_LES_Step4'!J13+'1_Rwanda_LES_Step4'!O4*'1_Rwanda_LES_Step4'!O13)/('1_Rwanda_LES_Step4'!E4+'1_Rwanda_LES_Step4'!J4+'1_Rwanda_LES_Step4'!O4) -> 76.881397 | F22: =('1_Rwanda_LES_Step4'!F4*'1_Rwanda_LES_Step4'!F13+'1_Rwanda_LES_Step4'!K4*'1_Rwanda_LES_Step4'!K13+'1_Rwanda_LES_Step4'!P4*'1_Rwanda_LES_Step4'!P13)/('1_Rwanda_LES_Step4'!F4+'1_Rwanda_LES_Step4'!K4+'1_Rwanda_LES_Step4'!P4) -> 73.565918 | G22: =('1_Rwanda_LES_Step4'!G4*'1_Rwanda_LES_Step4'!G13+'1_Rwanda_LES_Step4'!L4*'1_Rwanda_LES_Step4'!L13+'1_Rwanda_LES_Step4'!Q4*'1_Rwanda_LES_Step4'!Q13)/('1_Rwanda_LES_Step4'!G4+'1_Rwanda_LES_Step4'!L4+'1_Rwanda_LES_Step4'!Q4) -> 55.488241
B23: Manufacturing | C23: =('1_Rwanda_LES_Step4'!C4*'1_Rwanda_LES_Step4'!C14+'1_Rwanda_LES_Step4'!H4*'1_Rwanda_LES_Step4'!H14+'1_Rwanda_LES_Step4'!M4*'1_Rwanda_LES_Step4'!M14)/('1_Rwanda_LES_Step4'!C4+'1_Rwanda_LES_Step4'!H4+'1_Rwanda_LES_Step4'!M4) -> 77.900211 | D23: =('1_Rwanda_LES_Step4'!D4*'1_Rwanda_LES_Step4'!D14+'1_Rwanda_LES_Step4'!I4*'1_Rwanda_LES_Step4'!I14+'1_Rwanda_LES_Step4'!N4*'1_Rwanda_LES_Step4'!N14)/('1_Rwanda_LES_Step4'!D4+'1_Rwanda_LES_Step4'!I4+'1_Rwanda_LES_Step4'!N4) -> 74.806241 | E23: =('1_Rwanda_LES_Step4'!E4*'1_Rwanda_LES_Step4'!E14+'1_Rwanda_LES_Step4'!J4*'1_Rwanda_LES_Step4'!J14+'1_Rwanda_LES_Step4'!O4*'1_Rwanda_LES_Step4'!O14)/('1_Rwanda_LES_Step4'!E4+'1_Rwanda_LES_Step4'!J4+'1_Rwanda_LES_Step4'!O4) -> 72.91985 | F23: =('1_Rwanda_LES_Step4'!F4*'1_Rwanda_LES_Step4'!F14+'1_Rwanda_LES_Step4'!K4*'1_Rwanda_LES_Step4'!K14+'1_Rwanda_LES_Step4'!P4*'1_Rwanda_LES_Step4'!P14)/('1_Rwanda_LES_Step4'!F4+'1_Rwanda_LES_Step4'!K4+'1_Rwanda_LES_Step4'!P4) -> 70.52424 | G23: =('1_Rwanda_LES_Step4'!G4*'1_Rwanda_LES_Step4'!G14+'1_Rwanda_LES_Step4'!L4*'1_Rwanda_LES_Step4'!L14+'1_Rwanda_LES_Step4'!Q4*'1_Rwanda_LES_Step4'!Q14)/('1_Rwanda_LES_Step4'!G4+'1_Rwanda_LES_Step4'!L4+'1_Rwanda_LES_Step4'!Q4) -> 54.832229
B24: Services (residual) | C24: =('1_Rwanda_LES_Step4'!C4*'1_Rwanda_LES_Step4'!C15+'1_Rwanda_LES_Step4'!H4*'1_Rwanda_LES_Step4'!H15+'1_Rwanda_LES_Step4'!M4*'1_Rwanda_LES_Step4'!M15)/('1_Rwanda_LES_Step4'!C4+'1_Rwanda_LES_Step4'!H4+'1_Rwanda_LES_Step4'!M4) -> 77.900211 | D24: =('1_Rwanda_LES_Step4'!D4*'1_Rwanda_LES_Step4'!D15+'1_Rwanda_LES_Step4'!I4*'1_Rwanda_LES_Step4'!I15+'1_Rwanda_LES_Step4'!N4*'1_Rwanda_LES_Step4'!N15)/('1_Rwanda_LES_Step4'!D4+'1_Rwanda_LES_Step4'!I4+'1_Rwanda_LES_Step4'!N4) -> 74.806241 | E24: =('1_Rwanda_LES_Step4'!E4*'1_Rwanda_LES_Step4'!E15+'1_Rwanda_LES_Step4'!J4*'1_Rwanda_LES_Step4'!J15+'1_Rwanda_LES_Step4'!O4*'1_Rwanda_LES_Step4'!O15)/('1_Rwanda_LES_Step4'!E4+'1_Rwanda_LES_Step4'!J4+'1_Rwanda_LES_Step4'!O4) -> 72.91985 | F24: =('1_Rwanda_LES_Step4'!F4*'1_Rwanda_LES_Step4'!F15+'1_Rwanda_LES_Step4'!K4*'1_Rwanda_LES_Step4'!K15+'1_Rwanda_LES_Step4'!P4*'1_Rwanda_LES_Step4'!P15)/('1_Rwanda_LES_Step4'!F4+'1_Rwanda_LES_Step4'!K4+'1_Rwanda_LES_Step4'!P4) -> 70.52424 | G24: =('1_Rwanda_LES_Step4'!G4*'1_Rwanda_LES_Step4'!G15+'1_Rwanda_LES_Step4'!L4*'1_Rwanda_LES_Step4'!L15+'1_Rwanda_LES_Step4'!Q4*'1_Rwanda_LES_Step4'!Q15)/('1_Rwanda_LES_Step4'!G4+'1_Rwanda_LES_Step4'!L4+'1_Rwanda_LES_Step4'!Q4) -> 54.832229
B25: Rwanda aggregate (Total) | C25: =('1_Rwanda_LES_Step4'!C4*'1_Rwanda_LES_Step4'!C16+'1_Rwanda_LES_Step4'!H4*'1_Rwanda_LES_Step4'!H16+'1_Rwanda_LES_Step4'!M4*'1_Rwanda_LES_Step4'!M16)/('1_Rwanda_LES_Step4'!C4+'1_Rwanda_LES_Step4'!H4+'1_Rwanda_LES_Step4'!M4) -> 81.888622 | D25: =('1_Rwanda_LES_Step4'!D4*'1_Rwanda_LES_Step4'!D16+'1_Rwanda_LES_Step4'!I4*'1_Rwanda_LES_Step4'!I16+'1_Rwanda_LES_Step4'!N4*'1_Rwanda_LES_Step4'!N16)/('1_Rwanda_LES_Step4'!D4+'1_Rwanda_LES_Step4'!I4+'1_Rwanda_LES_Step4'!N4) -> 79.20182 | E25: =('1_Rwanda_LES_Step4'!E4*'1_Rwanda_LES_Step4'!E16+'1_Rwanda_LES_Step4'!J4*'1_Rwanda_LES_Step4'!J16+'1_Rwanda_LES_Step4'!O4*'1_Rwanda_LES_Step4'!O16)/('1_Rwanda_LES_Step4'!E4+'1_Rwanda_LES_Step4'!J4+'1_Rwanda_LES_Step4'!O4) -> 76.881397 | F25: =('1_Rwanda_LES_Step4'!F4*'1_Rwanda_LES_Step4'!F16+'1_Rwanda_LES_Step4'!K4*'1_Rwanda_LES_Step4'!K16+'1_Rwanda_LES_Step4'!P4*'1_Rwanda_LES_Step4'!P16)/('1_Rwanda_LES_Step4'!F4+'1_Rwanda_LES_Step4'!K4+'1_Rwanda_LES_Step4'!P4) -> 73.565918 | G25: =('1_Rwanda_LES_Step4'!G4*'1_Rwanda_LES_Step4'!G16+'1_Rwanda_LES_Step4'!L4*'1_Rwanda_LES_Step4'!L16+'1_Rwanda_LES_Step4'!Q4*'1_Rwanda_LES_Step4'!Q16)/('1_Rwanda_LES_Step4'!G4+'1_Rwanda_LES_Step4'!L4+'1_Rwanda_LES_Step4'!Q4) -> 55.488241
A28: STEP 3 | B28: Relative pattern (ρ) = category share / Rwanda aggregate (>1 = necessity, <1 = discretionary)
C29: Q1 | D29: Q2 | E29: Q3 | F29: Q4 | G29: Q5
B30: Cereals & roots | C30: =C14/C$25 -> 1.1105854 | D30: =D14/D$25 -> 1.1312986 | E30: =E14/E$25 -> 1.1503524 | F30: =F14/F$25 -> 1.1796626 | G30: =G14/G$25 -> 1.4010918
B31: Vegetables & pulses | C31: =C15/C$25 -> 1.0442342 | D31: =D15/D$25 -> 1.0525195 | E31: =E15/E$25 -> 1.060141 | F31: =F15/F$25 -> 1.071865 | G31: =G15/G$25 -> 1.1604367
B32: Fish, meat & eggs | C32: =C16/C$25 -> 1.0221171 | D32: =D16/D$25 -> 1.0262597 | E32: =E16/E$25 -> 1.0300705 | F32: =F16/F$25 -> 1.0359325 | G32: =G16/G$25 -> 1.0802184
B33: Dairy & fats/oils | C33: =C17/C$25 -> 1.0442342 | D33: =D17/D$25 -> 1.0525195 | E33: =E17/E$25 -> 1.060141 | F33: =F17/F$25 -> 1.071865 | G33: =G17/G$25 -> 1.1604367
B34: Other food | C34: =C18/C$25 -> 0.88941456 | D34: =D18/D$25 -> 0.86870137 | E34: =E18/E$25 -> 0.84964761 | F34: =F18/F$25 -> 0.82033744 | G34: =G18/G$25 -> 0.59890818
B35: Clothing & textiles | C35: =C19/C$25 -> 1 | D35: =D19/D$25 -> 1 | E35: =E19/E$25 -> 1 | F35: =F19/F$25 -> 1 | G35: =G19/G$25 -> 1
B36: Utilities (elec/water) | C36: =C20/C$25 -> 1 | D36: =D20/D$25 -> 1 | E36: =E20/E$25 -> 1 | F36: =F20/F$25 -> 1 | G36: =G20/G$25 -> 1
B37: housing | C37: =C21/C$25 -> 1.0442342 | D37: =D21/D$25 -> 1.0525195 | E37: =E21/E$25 -> 1.060141 | F37: =F21/F$25 -> 1.071865 | G37: =G21/G$25 -> 1.1604367
B38: Educ, health & public | C38: =C22/C$25 -> 1 | D38: =D22/D$25 -> 1 | E38: =E22/E$25 -> 1 | F38: =F22/F$25 -> 1 | G38: =G22/G$25 -> 1
B39: Manufacturing | C39: =C23/C$25 -> 0.95129469 | D39: =D23/D$25 -> 0.94450155 | E39: =E23/E$25 -> 0.94847198 | F39: =F23/F$25 -> 0.95865371 | G39: =G23/G$25 -> 0.98817746
B40: Services (residual) | C40: =C24/C$25 -> 0.95129469 | D40: =D24/D$25 -> 0.94450155 | E40: =E24/E$25 -> 0.94847198 | F40: =F24/F$25 -> 0.95865371 | G40: =G24/G$25 -> 0.98817746
A43: STEP 4 | B43: Normalisation factor = SUMPRODUCT(CQ, ρ_sector)/SUM(CQ) [makes weighted-avg share = gamma_agg]
C44: Q1 | D44: Q2 | E44: Q3 | F44: Q4 | G44: Q5
C45: =SUMPRODUCT('2_Egypt_CQ Mapping'!D4:D70,'4_Egypt_Subsistence'!D4:D70)/SUM('2_Egypt_CQ Mapping'!D4:D70) -> 1.0116875 | D45: =SUMPRODUCT('2_Egypt_CQ Mapping'!E4:E70,'4_Egypt_Subsistence'!E4:E70)/SUM('2_Egypt_CQ Mapping'!E4:E70) -> 1.0105795 | E45: =SUMPRODUCT('2_Egypt_CQ Mapping'!F4:F70,'4_Egypt_Subsistence'!F4:F70)/SUM('2_Egypt_CQ Mapping'!F4:F70) -> 1.012642 | F45: =SUMPRODUCT('2_Egypt_CQ Mapping'!G4:G70,'4_Egypt_Subsistence'!G4:G70)/SUM('2_Egypt_CQ Mapping'!G4:G70) -> 1.0174678 | G45: =SUMPRODUCT('2_Egypt_CQ Mapping'!H4:H70,'4_Egypt_Subsistence'!H4:H70)/SUM('2_Egypt_CQ Mapping'!H4:H70) -> 1.0453469
B47: Normalisation factor: a consumption-weighted average of the Rwanda pattern across the 67 sectors. Sectors that take up a larger share of the quintile's spending count for more in the average. Dividing by this factor in the next step rescales the pattern so the Egyptian subsistence shares average back to the aggregate share from the Lluch step.

Sheet 4_Egypt_Subsistence
A1: STEP 5 — Egypt subsistence shares = gamma_agg(Q) x ρ(sector,Q) / norm(Q)
B3: Egypt IO sector | C3: Rwanda category | D3: ρ Q1 | E3: ρ Q2 | F3: ρ Q3 | G3: ρ Q4 | H3: ρ Q5 | I3: SHARE Q1 | J3: SHARE Q2 | K3: SHARE Q3 | L3: SHARE Q4 | M3: SHARE Q5 | N3: Rwanda Q1 | O3: Rwanda Q2 | P3: Rwanda Q3 | Q3: Rwanda Q4 | R3: Rwanda Q5
A4: 1 | B4: Crop & animal production | C4: Cereals & roots | D4: =INDEX('3_Calculations'!C$30:C$40,MATCH($C4,'3_Calculations'!$B$30:$B$40,0)) -> 1.1105854 | E4: =INDEX('3_Calculations'!D$30:D$40,MATCH($C4,'3_Calculations'!$B$30:$B$40,0)) -> 1.1312986 | F4: =INDEX('3_Calculations'!E$30:E$40,MATCH($C4,'3_Calculations'!$B$30:$B$40,0)) -> 1.1503524 | G4: =INDEX('3_Calculations'!F$30:F$40,MATCH($C4,'3_Calculations'!$B$30:$B$40,0)) -> 1.1796626 | H4: =INDEX('3_Calculations'!G$30:G$40,MATCH($C4,'3_Calculations'!$B$30:$B$40,0)) -> 1.4010918 | I4: ='3_Calculations'!C$9*D4/'3_Calculations'!C$45 -> 0.79095438 | J4: ='3_Calculations'!D$9*E4/'3_Calculations'!D$45 -> 0.76195439 | K4: ='3_Calculations'!E$9*F4/'3_Calculations'!E$45 -> 0.74053653 | L4: ='3_Calculations'!F$9*G4/'3_Calculations'!F$45 -> 0.70599841 | M4: ='3_Calculations'!G$9*H4/'3_Calculations'!G$45 -> 0.62307019 | N4: =INDEX('3_Calculations'!C$14:C$24,MATCH($C4,'3_Calculations'!$B$14:$B$24,0))/100 -> 0.90944311 | O4: =INDEX('3_Calculations'!D$14:D$24,MATCH($C4,'3_Calculations'!$B$14:$B$24,0))/100 -> 0.8960091 | P4: =INDEX('3_Calculations'!E$14:E$24,MATCH($C4,'3_Calculations'!$B$14:$B$24,0))/100 -> 0.88440698 | Q4: =INDEX('3_Calculations'!F$14:F$24,MATCH($C4,'3_Calculations'!$B$14:$B$24,0))/100 -> 0.86782959 | R4: =INDEX('3_Calculations'!G$14:G$24,MATCH($C4,'3_Calculations'!$B$14:$B$24,0))/100 -> 0.7774412
A5: 2 | B5: Fishing and aquaculture | C5: Fish, meat & eggs | D5: =INDEX('3_Calculations'!C$30:C$40,MATCH($C5,'3_Calculations'!$B$30:$B$40,0)) -> 1.0221171 | E5: =INDEX('3_Calculations'!D$30:D$40,MATCH($C5,'3_Calculations'!$B$30:$B$40,0)) -> 1.0262597 | F5: =INDEX('3_Calculations'!E$30:E$40,MATCH($C5,'3_Calculations'!$B$30:$B$40,0)) -> 1.0300705 | G5: =INDEX('3_Calculations'!F$30:F$40,MATCH($C5,'3_Calculations'!$B$30:$B$40,0)) -> 1.0359325 | H5: =INDEX('3_Calculations'!G$30:G$40,MATCH($C5,'3_Calculations'!$B$30:$B$40,0)) -> 1.0802184 | I5: ='3_Calculations'!C$9*D5/'3_Calculations'!C$45 -> 0.72794758 | J5: ='3_Calculations'!D$9*E5/'3_Calculations'!D$45 -> 0.69120839 | K5: ='3_Calculations'!E$9*F5/'3_Calculations'!E$45 -> 0.66310535 | L5: ='3_Calculations'!F$9*G5/'3_Calculations'!F$45 -> 0.61997958 | M5: ='3_Calculations'!G$9*H5/'3_Calculations'!G$45 -> 0.4803767 | N5: =INDEX('3_Calculations'!C$14:C$24,MATCH($C5,'3_Calculations'!$B$14:$B$24,0))/100 -> 0.8369976 | O5: =INDEX('3_Calculations'!D$14:D$24,MATCH($C5,'3_Calculations'!$B$14:$B$24,0))/100 -> 0.81281638 | P5: =INDEX('3_Calculations'!E$14:E$24,MATCH($C5,'3_Calculations'!$B$14:$B$24,0))/100 -> 0.79193257 | Q5: =INDEX('3_Calculations'!F$14:F$24,MATCH($C5,'3_Calculations'!$B$14:$B$24,0))/100 -> 0.76209326 | R5: =INDEX('3_Calculations'!G$14:G$24,MATCH($C5,'3_Calculations'!$B$14:$B$24,0))/100 -> 0.59939417
A6: 3 | B6: Extraction of crude petroleum/gas | C6: Manufacturing | D6: =INDEX('3_Calculations'!C$30:C$40,MATCH($C6,'3_Calculations'!$B$30:$B$40,0)) -> 0.95129469 | E6: =INDEX('3_Calculations'!D$30:D$40,MATCH($C6,'3_Calculations'!$B$30:$B$40,0)) -> 0.94450155 | F6: =INDEX('3_Calculations'!E$30:E$40,MATCH($C6,'3_Calculations'!$B$30:$B$40,0)) -> 0.94847198 | G6: =INDEX('3_Calculations'!F$30:F$40,MATCH($C6,'3_Calculations'!$B$30:$B$40,0)) -> 0.95865371 | H6: =INDEX('3_Calculations'!G$30:G$40,MATCH($C6,'3_Calculations'!$B$30:$B$40,0)) -> 0.98817746 | I6: ='3_Calculations'!C$9*D6/'3_Calculations'!C$45 -> 0.67750816 | J6: ='3_Calculations'!D$9*E6/'3_Calculations'!D$45 -> 0.63614247 | K6: ='3_Calculations'!E$9*F6/'3_Calculations'!E$45 -> 0.61057651 | L6: ='3_Calculations'!F$9*G6/'3_Calculations'!F$45 -> 0.57373016 | M6: ='3_Calculations'!G$9*H6/'3_Calculations'!G$45 -> 0.4394458 | N6: =INDEX('3_Calculations'!C$14:C$24,MATCH($C6,'3_Calculations'!$B$14:$B$24,0))/100 -> 0.77900211 | O6: =INDEX('3_Calculations'!D$14:D$24,MATCH($C6,'3_Calculations'!$B$14:$B$24,0))/100 -> 0.74806241 | P6: =INDEX('3_Calculations'!E$14:E$24,MATCH($C6,'3_Calculations'!$B$14:$B$24,0))/100 -> 0.7291985 | Q6: =INDEX('3_Calculations'!F$14:F$24,MATCH($C6,'3_Calculations'!$B$14:$B$24,0))/100 -> 0.7052424 | R6: =INDEX('3_Calculations'!G$14:G$24,MATCH($C6,'3_Calculations'!$B$14:$B$24,0))/100 -> 0.54832229
A7: 4 | B7: Mining (metal ores & other) | C7: Manufacturing | D7: =INDEX('3_Calculations'!C$30:C$40,MATCH($C7,'3_Calculations'!$B$30:$B$40,0)) -> 0.95129469 | E7: =INDEX('3_Calculations'!D$30:D$40,MATCH($C7,'3_Calculations'!$B$30:$B$40,0)) -> 0.94450155 | F7: =INDEX('3_Calculations'!E$30:E$40,MATCH($C7,'3_Calculations'!$B$30:$B$40,0)) -> 0.94847198 | G7: =INDEX('3_Calculations'!F$30:F$40,MATCH($C7,'3_Calculations'!$B$30:$B$40,0)) -> 0.95865371 | H7: =INDEX('3_Calculations'!G$30:G$40,MATCH($C7,'3_Calculations'!$B$30:$B$40,0)) -> 0.98817746 | I7: ='3_Calculations'!C$9*D7/'3_Calculations'!C$45 -> 0.67750816 | J7: ='3_Calculations'!D$9*E7/'3_Calculations'!D$45 -> 0.63614247 | K7: ='3_Calculations'!E$9*F7/'3_Calculations'!E$45 -> 0.61057651 | L7: ='3_Calculations'!F$9*G7/'3_Calculations'!F$45 -> 0.57373016 | M7: ='3_Calculations'!G$9*H7/'3_Calculations'!G$45 -> 0.4394458 | N7: =INDEX('3_Calculations'!C$14:C$24,MATCH($C7,'3_Calculations'!$B$14:$B$24,0))/100 -> 0.77900211 | O7: =INDEX('3_Calculations'!D$14:D$24,MATCH($C7,'3_Calculations'!$B$14:$B$24,0))/100 -> 0.74806241 | P7: =INDEX('3_Calculations'!E$14:E$24,MATCH($C7,'3_Calculations'!$B$14:$B$24,0))/100 -> 0.7291985 | Q7: =INDEX('3_Calculations'!F$14:F$24,MATCH($C7,'3_Calculations'!$B$14:$B$24,0))/100 -> 0.7052424 | R7: =INDEX('3_Calculations'!G$14:G$24,MATCH($C7,'3_Calculations'!$B$14:$B$24,0))/100 -> 0.54832229
A8: 5 | B8: Manufacture of food products | C8: Dairy & fats/oils | D8: =INDEX('3_Calculations'!C$30:C$40,MATCH($C8,'3_Calculations'!$B$30:$B$40,0)) -> 1.0442342 | E8: =INDEX('3_Calculations'!D$30:D$40,MATCH($C8,'3_Calculations'!$B$30:$B$40,0)) -> 1.0525195 | F8: =INDEX('3_Calculations'!E$30:E$40,MATCH($C8,'3_Calculations'!$B$30:$B$40,0)) -> 1.060141 | G8: =INDEX('3_Calculations'!F$30:F$40,MATCH($C8,'3_Calculations'!$B$30:$B$40,0)) -> 1.071865 | H8: =INDEX('3_Calculations'!G$30:G$40,MATCH($C8,'3_Calculations'!$B$30:$B$40,0)) -> 1.1604367 | I8: ='3_Calculations'!C$9*D8/'3_Calculations'!C$45 -> 0.74369928 | J8: ='3_Calculations'!D$9*E8/'3_Calculations'!D$45 -> 0.70889489 | K8: ='3_Calculations'!E$9*F8/'3_Calculations'!E$45 -> 0.68246314 | L8: ='3_Calculations'!F$9*G8/'3_Calculations'!F$45 -> 0.64148429 | M8: ='3_Calculations'!G$9*H8/'3_Calculations'!G$45 -> 0.51605007 | N8: =INDEX('3_Calculations'!C$14:C$24,MATCH($C8,'3_Calculations'!$B$14:$B$24,0))/100 -> 0.85510898 | O8: =INDEX('3_Calculations'!D$14:D$24,MATCH($C8,'3_Calculations'!$B$14:$B$24,0))/100 -> 0.83361456 | P8: =INDEX('3_Calculations'!E$14:E$24,MATCH($C8,'3_Calculations'!$B$14:$B$24,0))/100 -> 0.81505117 | Q8: =INDEX('3_Calculations'!F$14:F$24,MATCH($C8,'3_Calculations'!$B$14:$B$24,0))/100 -> 0.78852734 | R8: =INDEX('3_Calculations'!G$14:G$24,MATCH($C8,'3_Calculations'!$B$14:$B$24,0))/100 -> 0.64390593
A9: 6 | B9: Manufacture of beverages | C9: Other food | D9: =INDEX('3_Calculations'!C$30:C$40,MATCH($C9,'3_Calculations'!$B$30:$B$40,0)) -> 0.88941456 | E9: =INDEX('3_Calculations'!D$30:D$40,MATCH($C9,'3_Calculations'!$B$30:$B$40,0)) -> 0.86870137 | F9: =INDEX('3_Calculations'!E$30:E$40,MATCH($C9,'3_Calculations'!$B$30:$B$40,0)) -> 0.84964761 | G9: =INDEX('3_Calculations'!F$30:F$40,MATCH($C9,'3_Calculations'!$B$30:$B$40,0)) -> 0.82033744 | H9: =INDEX('3_Calculations'!G$30:G$40,MATCH($C9,'3_Calculations'!$B$30:$B$40,0)) -> 0.59890818 | I9: ='3_Calculations'!C$9*D9/'3_Calculations'!C$45 -> 0.63343739 | J9: ='3_Calculations'!D$9*E9/'3_Calculations'!D$45 -> 0.58508939 | K9: ='3_Calculations'!E$9*F9/'3_Calculations'!E$45 -> 0.54695857 | L9: ='3_Calculations'!F$9*G9/'3_Calculations'!F$45 -> 0.49095135 | M9: ='3_Calculations'!G$9*H9/'3_Calculations'!G$45 -> 0.26633646 | N9: =INDEX('3_Calculations'!C$14:C$24,MATCH($C9,'3_Calculations'!$B$14:$B$24,0))/100 -> 0.72832933 | O9: =INDEX('3_Calculations'!D$14:D$24,MATCH($C9,'3_Calculations'!$B$14:$B$24,0))/100 -> 0.6880273 | P9: =INDEX('3_Calculations'!E$14:E$24,MATCH($C9,'3_Calculations'!$B$14:$B$24,0))/100 -> 0.65322095 | Q9: =INDEX('3_Calculations'!F$14:F$24,MATCH($C9,'3_Calculations'!$B$14:$B$24,0))/100 -> 0.60348877 | R9: =INDEX('3_Calculations'!G$14:G$24,MATCH($C9,'3_Calculations'!$B$14:$B$24,0))/100 -> 0.33232361
A10: 7 | B10: Manufacture of tobacco | C10: Other food | D10: =INDEX('3_Calculations'!C$30:C$40,MATCH($C10,'3_Calculations'!$B$30:$B$40,0)) -> 0.88941456 | E10: =INDEX('3_Calculations'!D$30:D$40,MATCH($C10,'3_Calculations'!$B$30:$B$40,0)) -> 0.86870137 | F10: =INDEX('3_Calculations'!E$30:E$40,MATCH($C10,'3_Calculations'!$B$30:$B$40,0)) -> 0.84964761 | G10: =INDEX('3_Calculations'!F$30:F$40,MATCH($C10,'3_Calculations'!$B$30:$B$40,0)) -> 0.82033744 | H10: =INDEX('3_Calculations'!G$30:G$40,MATCH($C10,'3_Calculations'!$B$30:$B$40,0)) -> 0.59890818 | I10: ='3_Calculations'!C$9*D10/'3_Calculations'!C$45 -> 0.63343739 | J10: ='3_Calculations'!D$9*E10/'3_Calculations'!D$45 -> 0.58508939 | K10: ='3_Calculations'!E$9*F10/'3_Calculations'!E$45 -> 0.54695857 | L10: ='3_Calculations'!F$9*G10/'3_Calculations'!F$45 -> 0.49095135 | M10: ='3_Calculations'!G$9*H10/'3_Calculations'!G$45 -> 0.26633646 | N10: =INDEX('3_Calculations'!C$14:C$24,MATCH($C10,'3_Calculations'!$B$14:$B$24,0))/100 -> 0.72832933 | O10: =INDEX('3_Calculations'!D$14:D$24,MATCH($C10,'3_Calculations'!$B$14:$B$24,0))/100 -> 0.6880273 | P10: =INDEX('3_Calculations'!E$14:E$24,MATCH($C10,'3_Calculations'!$B$14:$B$24,0))/100 -> 0.65322095 | Q10: =INDEX('3_Calculations'!F$14:F$24,MATCH($C10,'3_Calculations'!$B$14:$B$24,0))/100 -> 0.60348877 | R10: =INDEX('3_Calculations'!G$14:G$24,MATCH($C10,'3_Calculations'!$B$14:$B$24,0))/100 -> 0.33232361
A11: 8 | B11: Manufacture of textiles | C11: Clothing & textiles | D11: =INDEX('3_Calculations'!C$30:C$40,MATCH($C11,'3_Calculations'!$B$30:$B$40,0)) -> 1 | E11: =INDEX('3_Calculations'!D$30:D$40,MATCH($C11,'3_Calculations'!$B$30:$B$40,0)) -> 1 | F11: =INDEX('3_Calculations'!E$30:E$40,MATCH($C11,'3_Calculations'!$B$30:$B$40,0)) -> 1 | G11: =INDEX('3_Calculations'!F$30:F$40,MATCH($C11,'3_Calculations'!$B$30:$B$40,0)) -> 1 | H11: =INDEX('3_Calculations'!G$30:G$40,MATCH($C11,'3_Calculations'!$B$30:$B$40,0)) -> 1 | I11: ='3_Calculations'!C$9*D11/'3_Calculations'!C$45 -> 0.71219589 | J11: ='3_Calculations'!D$9*E11/'3_Calculations'!D$45 -> 0.67352189 | K11: ='3_Calculations'!E$9*F11/'3_Calculations'!E$45 -> 0.64374755 | L11: ='3_Calculations'!F$9*G11/'3_Calculations'!F$45 -> 0.59847488 | M11: ='3_Calculations'!G$9*H11/'3_Calculations'!G$45 -> 0.44470332 | N11: =INDEX('3_Calculations'!C$14:C$24,MATCH($C11,'3_Calculations'!$B$14:$B$24,0))/100 -> 0.81888622 | O11: =INDEX('3_Calculations'!D$14:D$24,MATCH($C11,'3_Calculations'!$B$14:$B$24,0))/100 -> 0.7920182 | P11: =INDEX('3_Calculations'!E$14:E$24,MATCH($C11,'3_Calculations'!$B$14:$B$24,0))/100 -> 0.76881397 | Q11: =INDEX('3_Calculations'!F$14:F$24,MATCH($C11,'3_Calculations'!$B$14:$B$24,0))/100 -> 0.73565918 | R11: =INDEX('3_Calculations'!G$14:G$24,MATCH($C11,'3_Calculations'!$B$14:$B$24,0))/100 -> 0.55488241
A12: 9 | B12: Manufacture of wearing apparel | C12: Clothing & textiles | D12: =INDEX('3_Calculations'!C$30:C$40,MATCH($C12,'3_Calculations'!$B$30:$B$40,0)) -> 1 | E12: =INDEX('3_Calculations'!D$30:D$40,MATCH($C12,'3_Calculations'!$B$30:$B$40,0)) -> 1 | F12: =INDEX('3_Calculations'!E$30:E$40,MATCH($C12,'3_Calculations'!$B$30:$B$40,0)) -> 1 | G12: =INDEX('3_Calculations'!F$30:F$40,MATCH($C12,'3_Calculations'!$B$30:$B$40,0)) -> 1 | H12: =INDEX('3_Calculations'!G$30:G$40,MATCH($C12,'3_Calculations'!$B$30:$B$40,0)) -> 1 | I12: ='3_Calculations'!C$9*D12/'3_Calculations'!C$45 -> 0.71219589 | J12: ='3_Calculations'!D$9*E12/'3_Calculations'!D$45 -> 0.67352189 | K12: ='3_Calculations'!E$9*F12/'3_Calculations'!E$45 -> 0.64374755 | L12: ='3_Calculations'!F$9*G12/'3_Calculations'!F$45 -> 0.59847488 | M12: ='3_Calculations'!G$9*H12/'3_Calculations'!G$45 -> 0.44470332 | N12: =INDEX('3_Calculations'!C$14:C$24,MATCH($C12,'3_Calculations'!$B$14:$B$24,0))/100 -> 0.81888622 | O12: =INDEX('3_Calculations'!D$14:D$24,MATCH($C12,'3_Calculations'!$B$14:$B$24,0))/100 -> 0.7920182 | P12: =INDEX('3_Calculations'!E$14:E$24,MATCH($C12,'3_Calculations'!$B$14:$B$24,0))/100 -> 0.76881397 | Q12: =INDEX('3_Calculations'!F$14:F$24,MATCH($C12,'3_Calculations'!$B$14:$B$24,0))/100 -> 0.73565918 | R12: =INDEX('3_Calculations'!G$14:G$24,MATCH($C12,'3_Calculations'!$B$14:$B$24,0))/100 -> 0.55488241
A13: 10 | B13: Manufacture of leather products | C13: Clothing & textiles | D13: =INDEX('3_Calculations'!C$30:C$40,MATCH($C13,'3_Calculations'!$B$30:$B$40,0)) -> 1 | E13: =INDEX('3_Calculations'!D$30:D$40,MATCH($C13,'3_Calculations'!$B$30:$B$40,0)) -> 1 | F13: =INDEX('3_Calculations'!E$30:E$40,MATCH($C13,'3_Calculations'!$B$30:$B$40,0)) -> 1 | G13: =INDEX('3_Calculations'!F$30:F$40,MATCH($C13,'3_Calculations'!$B$30:$B$40,0)) -> 1 | H13: =INDEX('3_Calculations'!G$30:G$40,MATCH($C13,'3_Calculations'!$B$30:$B$40,0)) -> 1 | I13: ='3_Calculations'!C$9*D13/'3_Calculations'!C$45 -> 0.71219589 | J13: ='3_Calculations'!D$9*E13/'3_Calculations'!D$45 -> 0.67352189 | K13: ='3_Calculations'!E$9*F13/'3_Calculations'!E$45 -> 0.64374755 | L13: ='3_Calculations'!F$9*G13/'3_Calculations'!F$45 -> 0.59847488 | M13: ='3_Calculations'!G$9*H13/'3_Calculations'!G$45 -> 0.44470332 | N13: =INDEX('3_Calculations'!C$14:C$24,MATCH($C13,'3_Calculations'!$B$14:$B$24,0))/100 -> 0.81888622 | O13: =INDEX('3_Calculations'!D$14:D$24,MATCH($C13,'3_Calculations'!$B$14:$B$24,0))/100 -> 0.7920182 | P13: =INDEX('3_Calculations'!E$14:E$24,MATCH($C13,'3_Calculations'!$B$14:$B$24,0))/100 -> 0.76881397 | Q13: =INDEX('3_Calculations'!F$14:F$24,MATCH($C13,'3_Calculations'!$B$14:$B$24,0))/100 -> 0.73565918 | R13: =INDEX('3_Calculations'!G$14:G$24,MATCH($C13,'3_Calculations'!$B$14:$B$24,0))/100 -> 0.55488241
A14: 11 | B14: Manufacture of wood products | C14: Manufacturing | D14: =INDEX('3_Calculations'!C$30:C$40,MATCH($C14,'3_Calculations'!$B$30:$B$40,0)) -> 0.95129469 | E14: =INDEX('3_Calculations'!D$30:D$40,MATCH($C14,'3_Calculations'!$B$30:$B$40,0)) -> 0.94450155 | F14: =INDEX('3_Calculations'!E$30:E$40,MATCH($C14,'3_Calculations'!$B$30:$B$40,0)) -> 0.94847198 | G14: =INDEX('3_Calculations'!F$30:F$40,MATCH($C14,'3_Calculations'!$B$30:$B$40,0)) -> 0.95865371 | H14: =INDEX('3_Calculations'!G$30:G$40,MATCH($C14,'3_Calculations'!$B$30:$B$40,0)) -> 0.98817746 | I14: ='3_Calculations'!C$9*D14/'3_Calculations'!C$45 -> 0.67750816 | J14: ='3_Calculations'!D$9*E14/'3_Calculations'!D$45 -> 0.63614247 | K14: ='3_Calculations'!E$9*F14/'3_Calculations'!E$45 -> 0.61057651 | L14: ='3_Calculations'!F$9*G14/'3_Calculations'!F$45 -> 0.57373016 | M14: ='3_Calculations'!G$9*H14/'3_Calculations'!G$45 -> 0.4394458 | N14: =INDEX('3_Calculations'!C$14:C$24,MATCH($C14,'3_Calculations'!$B$14:$B$24,0))/100 -> 0.77900211 | O14: =INDEX('3_Calculations'!D$14:D$24,MATCH($C14,'3_Calculations'!$B$14:$B$24,0))/100 -> 0.74806241 | P14: =INDEX('3_Calculations'!E$14:E$24,MATCH($C14,'3_Calculations'!$B$14:$B$24,0))/100 -> 0.7291985 | Q14: =INDEX('3_Calculations'!F$14:F$24,MATCH($C14,'3_Calculations'!$B$14:$B$24,0))/100 -> 0.7052424 | R14: =INDEX('3_Calculations'!G$14:G$24,MATCH($C14,'3_Calculations'!$B$14:$B$24,0))/100 -> 0.54832229
A15: 12 | B15: Manufacture of paper products | C15: Manufacturing | D15: =INDEX('3_Calculations'!C$30:C$40,MATCH($C15,'3_Calculations'!$B$30:$B$40,0)) -> 0.95129469 | E15: =INDEX('3_Calculations'!D$30:D$40,MATCH($C15,'3_Calculations'!$B$30:$B$40,0)) -> 0.94450155 | F15: =INDEX('3_Calculations'!E$30:E$40,MATCH($C15,'3_Calculations'!$B$30:$B$40,0)) -> 0.94847198 | G15: =INDEX('3_Calculations'!F$30:F$40,MATCH($C15,'3_Calculations'!$B$30:$B$40,0)) -> 0.95865371 | H15: =INDEX('3_Calculations'!G$30:G$40,MATCH($C15,'3_Calculations'!$B$30:$B$40,0)) -> 0.98817746 | I15: ='3_Calculations'!C$9*D15/'3_Calculations'!C$45 -> 0.67750816 | J15: ='3_Calculations'!D$9*E15/'3_Calculations'!D$45 -> 0.63614247 | K15: ='3_Calculations'!E$9*F15/'3_Calculations'!E$45 -> 0.61057651 | L15: ='3_Calculations'!F$9*G15/'3_Calculations'!F$45 -> 0.57373016 | M15: ='3_Calculations'!G$9*H15/'3_Calculations'!G$45 -> 0.4394458 | N15: =INDEX('3_Calculations'!C$14:C$24,MATCH($C15,'3_Calculations'!$B$14:$B$24,0))/100 -> 0.77900211 | O15: =INDEX('3_Calculations'!D$14:D$24,MATCH($C15,'3_Calculations'!$B$14:$B$24,0))/100 -> 0.74806241 | P15: =INDEX('3_Calculations'!E$14:E$24,MATCH($C15,'3_Calculations'!$B$14:$B$24,0))/100 -> 0.7291985 | Q15: =INDEX('3_Calculations'!F$14:F$24,MATCH($C15,'3_Calculations'!$B$14:$B$24,0))/100 -> 0.7052424 | R15: =INDEX('3_Calculations'!G$14:G$24,MATCH($C15,'3_Calculations'!$B$14:$B$24,0))/100 -> 0.54832229
... A70: 67 | B70: Activities of households | C70: Services (residual) | D70: =INDEX('3_Calculations'!C$30:C$40,MATCH($C70,'3_Calculations'!$B$30:$B$40,0)) -> 0.95129469 | E70: =INDEX('3_Calculations'!D$30:D$40,MATCH($C70,'3_Calculations'!$B$30:$B$40,0)) -> 0.94450155 | F70: =INDEX('3_Calculations'!E$30:E$40,MATCH($C70,'3_Calculations'!$B$30:$B$40,0)) -> 0.94847198 | G70: =INDEX('3_Calculations'!F$30:F$40,MATCH($C70,'3_Calculations'!$B$30:$B$40,0)) -> 0.95865371 | H70: =INDEX('3_Calculations'!G$30:G$40,MATCH($C70,'3_Calculations'!$B$30:$B$40,0)) -> 0.98817746 | I70: ='3_Calculations'!C$9*D70/'3_Calculations'!C$45 -> 0.67750816 | J70: ='3_Calculations'!D$9*E70/'3_Calculations'!D$45 -> 0.63614247 | K70: ='3_Calculations'!E$9*F70/'3_Calculations'!E$45 -> 0.61057651 | L70: ='3_Calculations'!F$9*G70/'3_Calculations'!F$45 -> 0.57373016 | M70: ='3_Calculations'!G$9*H70/'3_Calculations'!G$45 -> 0.4394458 | N70: =INDEX('3_Calculations'!C$14:C$24,MATCH($C70,'3_Calculations'!$B$14:$B$24,0))/100 -> 0.77900211 | O70: =INDEX('3_Calculations'!D$14:D$24,MATCH($C70,'3_Calculations'!$B$14:$B$24,0))/100 -> 0.74806241 | P70: =INDEX('3_Calculations'!E$14:E$24,MATCH($C70,'3_Calculations'!$B$14:$B$24,0))/100 -> 0.7291985 | Q70: =INDEX('3_Calculations'!F$14:F$24,MATCH($C70,'3_Calculations'!$B$14:$B$24,0))/100 -> 0.7052424 | R70: =INDEX('3_Calculations'!G$14:G$24,MATCH($C70,'3_Calculations'!$B$14:$B$24,0))/100 -> 0.54832229
B72: CHECK: consumption-weighted avg of shares (must equal gamma_agg in sheet 3 row 9) | I72: =SUMPRODUCT('2_Egypt_CQ Mapping'!D4:D70,I4:I70)/SUM('2_Egypt_CQ Mapping'!D4:D70) -> 0.72051968 | J72: =SUMPRODUCT('2_Egypt_CQ Mapping'!E4:E70,J4:J70)/SUM('2_Egypt_CQ Mapping'!E4:E70) -> 0.68064742 | K72: =SUMPRODUCT('2_Egypt_CQ Mapping'!F4:F70,K4:K70)/SUM('2_Egypt_CQ Mapping'!F4:F70) -> 0.65188581 | L72: =SUMPRODUCT('2_Egypt_CQ Mapping'!G4:G70,L4:L70)/SUM('2_Egypt_CQ Mapping'!G4:G70) -> 0.60892892 | M72: =SUMPRODUCT('2_Egypt_CQ Mapping'!H4:H70,M4:M70)/SUM('2_Egypt_CQ Mapping'!H4:H70) -> 0.46486925
B73: Lluch gamma_agg target (sheet 3 row 9) | I73: ='3_Calculations'!C9 -> 0.72051968 | J73: ='3_Calculations'!D9 -> 0.68064742 | K73: ='3_Calculations'!E9 -> 0.65188581 | L73: ='3_Calculations'!F9 -> 0.60892892 | M73: ='3_Calculations'!G9 -> 0.46486925

Sheet 5_CrossCheck
A1: Cross-check — Seeing if borrowing Rwanda's ranking for Egypts makes sense
A3: Egypt budget share = share of each quintiles total consumption spent on the category.
A4: A category that is a necessity has a budget share that falls as income rises (Q1/Q5 > 1).
A5: If Egypts gradient agrees with Rwanda's ρ, borrowing the ranking hopefully makes sense.
A7: Rwanda category | B7: Egy Q1 | C7: Egy Q2 | D7: Egy Q3 | E7: Egy Q4 | F7: Egy Q5 | G7: Egy Q1/Q5 | H7: Rwanda ρ Q1 | I7: Agree?
A8: Cereals & roots | B8: 15.490458 | C8: 14.799837 | D8: 13.845734 | E8: 12.526445 | F8: 7.3265985 | G8: =IF(F8=0,"n/a (unused)",B8/F8) -> 2.1142769 | H8: ='3_Calculations'!C30 -> 1.1105854 | I8: =IF(NOT(ISNUMBER(G8)),"-",IF(OR(AND(G8>1,H8>1),AND(G8<1,H8<1)),"yes","check")) -> yes
A9: Vegetables & pulses | B9: 0 | C9: 0 | D9: 0 | E9: 0 | F9: 0 | G9: =IF(F9=0,"n/a (unused)",B9/F9) -> n/a (unused) | H9: ='3_Calculations'!C31 -> 1.0442342 | I9: =IF(NOT(ISNUMBER(G9)),"-",IF(OR(AND(G9>1,H9>1),AND(G9<1,H9<1)),"yes","check")) -> -
A10: Fish, meat & eggs | B10: 1.6810615 | C10: 1.9237362 | D10: 1.9401858 | E10: 1.7413428 | F10: 1.0750641 | G10: =IF(F10=0,"n/a (unused)",B10/F10) -> 1.5636849 | H10: ='3_Calculations'!C32 -> 1.0221171 | I10: =IF(NOT(ISNUMBER(G10)),"-",IF(OR(AND(G10>1,H10>1),AND(G10<1,H10<1)),"yes","check")) -> yes
A11: Dairy & fats/oils | B11: 14.405946 | C11: 12.582795 | D11: 11.658479 | E11: 10.225853 | F11: 6.6159109 | G11: =IF(F11=0,"n/a (unused)",B11/F11) -> 2.1774697 | H11: ='3_Calculations'!C33 -> 1.0442342 | I11: =IF(NOT(ISNUMBER(G11)),"-",IF(OR(AND(G11>1,H11>1),AND(G11<1,H11<1)),"yes","check")) -> yes
A12: Other food | B12: 1.0785301 | C12: 1.243052 | D12: 1.3504156 | E12: 1.2895645 | F12: 1.1271773 | G12: =IF(F12=0,"n/a (unused)",B12/F12) -> 0.95684159 | H12: ='3_Calculations'!C34 -> 0.88941456 | I12: =IF(NOT(ISNUMBER(G12)),"-",IF(OR(AND(G12>1,H12>1),AND(G12<1,H12<1)),"yes","check")) -> yes
A13: Clothing & textiles | B13: 1.5623847 | C13: 1.7350351 | D13: 1.7640192 | E13: 1.652584 | F13: 1.1363553 | G13: =IF(F13=0,"n/a (unused)",B13/F13) -> 1.3749086 | H13: ='3_Calculations'!C35 -> 1 | I13: =IF(NOT(ISNUMBER(G13)),"-",IF(OR(AND(G13>1,H13>1),AND(G13<1,H13<1)),"yes","check")) -> check
A14: Utilities (elec/water) | B14: 13.697219 | C14: 12.183378 | D14: 11.180691 | E14: 10.396201 | F14: 9.0690169 | G14: =IF(F14=0,"n/a (unused)",B14/F14) -> 1.5103312 | H14: ='3_Calculations'!C36 -> 1 | I14: =IF(NOT(ISNUMBER(G14)),"-",IF(OR(AND(G14>1,H14>1),AND(G14<1,H14<1)),"yes","check")) -> check
A15: housing | B15: 11.519528 | C15: 10.964959 | D15: 10.596689 | E15: 9.749959 | F15: 9.6094581 | G15: =IF(F15=0,"n/a (unused)",B15/F15) -> 1.1987697 | H15: ='3_Calculations'!C37 -> 1.0442342 | I15: =IF(NOT(ISNUMBER(G15)),"-",IF(OR(AND(G15>1,H15>1),AND(G15<1,H15<1)),"yes","check")) -> yes
A16: Educ, health & public | B16: 7.5300764 | C16: 8.3631607 | D16: 8.6308601 | E16: 9.6040784 | F16: 9.8025445 | G16: =IF(F16=0,"n/a (unused)",B16/F16) -> 0.76817569 | H16: ='3_Calculations'!C38 -> 1 | I16: =IF(NOT(ISNUMBER(G16)),"-",IF(OR(AND(G16>1,H16>1),AND(G16<1,H16<1)),"yes","check")) -> check
A17: Manufacturing | B17: 11.536707 | C17: 12.355287 | D17: 11.971135 | E17: 12.726486 | F17: 10.915979 | G17: =IF(F17=0,"n/a (unused)",B17/F17) -> 1.0568641 | H17: ='3_Calculations'!C39 -> 0.95129469 | I17: =IF(NOT(ISNUMBER(G17)),"-",IF(OR(AND(G17>1,H17>1),AND(G17<1,H17<1)),"yes","check")) -> check
A18: Services (residual) | B18: 21.49809 | C18: 23.84876 | D18: 27.061791 | E18: 30.087486 | F18: 43.321895 | G18: =IF(F18=0,"n/a (unused)",B18/F18) -> 0.49624076 | H18: ='3_Calculations'!C40 -> 0.95129469 | I18: =IF(NOT(ISNUMBER(G18)),"-",IF(OR(AND(G18>1,H18>1),AND(G18<1,H18<1)),"yes","check")) -> yes
A20: Note: "Vegetables & pulses" has no Egypt IO sector mapped to it, so its rho is never used.
A22: Reading: I think in general the borrowed pattern is corroborated
A24: CAVEAT FOR THE FUEL-SUBSIDY SHOCK:
A25: Egypt's own data shows Utilities is a necessity (Q1/Q5 = 1.5), but Rwanda's LES places
A26: utilities in the neutral band (ρ = 1.0, neither necessity nor luxury).
A27: The modelled welfare loss for the poorest quintile is therefore likely CONSERVATIVE (a lower bound): a fully
A28: Egypt-specific elasticity pattern would assign utilities a higher subsistence share and a
A29: larger regressive impact. This should be stated as a limitation in the methodology.
